category,product,competitor,url,price,updated
Genshin Impact,,OG,https://www.offgamers.com/,,
Genshin Impact,,G2G,https://www.g2g.com/,,
Genshin Impact,,Kinguin,https://www.kinguin.net/,,
Genshin Impact,,Seagm,https://www.seagm.com/en-us,,
Genshin Impact,,G2A,https://www.g2a.com/,,
Genshin Impact,,Codashop,https://www.codashop.com/en-us/genshin-impact,,
Genshin Impact,,LapakGaming,https://www.joytify.com/en-us,,
Genshin Impact,,Unipin,https://www.unipin.com/,,
Genshin Impact,,Eneba,https://www.eneba.com/,,
Genshin Impact,,MooGold,https://moogold.com/,,
Genshin Impact,,ItemkuEN,https://www.itemku.com/en,,
Valorant,,OG,https://www.offgamers.com/,,
Valorant,,G2G,https://www.g2g.com/,,
Valorant,,Kinguin,https://www.kinguin.net/,,
Valorant,,Seagm,https://www.seagm.com/en-us,,
Valorant,,G2A,https://www.g2a.com/,,
Valorant,,Codashop,https://www.codashop.com/en-us/,,
Valorant,,LapakGaming,https://www.joytify.com/en-us,,
Valorant,,Unipin,https://www.unipin.com/,,
Valorant,,Eneba,https://www.eneba.com/,,
Valorant,,MooGold,https://moogold.com/,,
Valorant,,ItemkuEN,https://www.itemku.com/en,,
Mobile Legends Bang Bang,,OG,https://www.offgamers.com/,,
Mobile Legends Bang Bang,,G2G,https://www.g2g.com/,,
Mobile Legends Bang Bang,,Kinguin,https://www.kinguin.net/,,
Mobile Legends Bang Bang,,Seagm,https://www.seagm.com/en-us,,
Mobile Legends Bang Bang,,G2A,https://www.g2a.com/,,
Mobile Legends Bang Bang,,Codashop,https://www.codashop.com/en-us/,,
Mobile Legends Bang Bang,,LapakGaming,https://www.joytify.com/en-us,,
Mobile Legends Bang Bang,,Unipin,https://www.unipin.com/,,
Mobile Legends Bang Bang,,Eneba,https://www.eneba.com/,,
Mobile Legends Bang Bang,,MooGold,https://moogold.com/,,
Mobile Legends Bang Bang,,ItemkuEN,https://www.itemku.com/en,,
Pokemon Go,,OG,https://www.offgamers.com/,,
Pokemon Go,,G2G,https://www.g2g.com/,,
Pokemon Go,,Kinguin,https://www.kinguin.net/,,
Pokemon Go,,Seagm,https://www.seagm.com/en-us,,
Pokemon Go,,G2A,https://www.g2a.com/,,
Pokemon Go,,Codashop,https://www.codashop.com/en-us/,,
Pokemon Go,,LapakGaming,https://www.joytify.com/en-us,,
Pokemon Go,,Unipin,https://www.unipin.com/,,
Pokemon Go,,Eneba,https://www.eneba.com/,,
Pokemon Go,,MooGold,https://moogold.com/,,
Pokemon Go,,ItemkuEN,https://www.itemku.com/en,,
Zenless Zone Zero,,OG,https://www.offgamers.com/,,
Zenless Zone Zero,,G2G,https://www.g2g.com/,,
Zenless Zone Zero,,Kinguin,https://www.kinguin.net/,,
Zenless Zone Zero,,Seagm,https://www.seagm.com/en-us,,
Zenless Zone Zero,,G2A,https://www.g2a.com/,,
Zenless Zone Zero,,Codashop,https://www.codashop.com/en-us/,,
Zenless Zone Zero,,LapakGaming,https://www.joytify.com/en-us,,
Zenless Zone Zero,,Unipin,https://www.unipin.com/,,
Zenless Zone Zero,,Eneba,https://www.eneba.com/,,
Zenless Zone Zero,,MooGold,https://moogold.com/,,
Zenless Zone Zero,,ItemkuEN,https://www.itemku.com/en,,
RBL,,OG,https://www.offgamers.com/,,
RBL,,G2G,https://www.g2g.com/,,
RBL,,Kinguin,https://www.kinguin.net/,,
RBL,,Seagm,https://www.seagm.com/en-us,,
RBL,,G2A,https://www.g2a.com/,,
RBL,,Codashop,https://www.codashop.com/en-us/,,
RBL,,LapakGaming,https://www.joytify.com/en-us,,
RBL,,Unipin,https://www.unipin.com/,,
RBL,,Eneba,https://www.eneba.com/,,
RBL,,MooGold,https://moogold.com/,,
RBL,,ItemkuEN,https://www.itemku.com/en,,
Wuthering Waves,,OG,https://www.offgamers.com/,,
Wuthering Waves,,G2G,https://www.g2g.com/,,
Wuthering Waves,,Kinguin,https://www.kinguin.net/,,
Wuthering Waves,,Seagm,https://www.seagm.com/en-us,,
Wuthering Waves,,G2A,https://www.g2a.com/,,
Wuthering Waves,,Codashop,https://www.codashop.com/en-us/,,
Wuthering Waves,,LapakGaming,https://www.joytify.com/en-us,,
Wuthering Waves,,Unipin,https://www.unipin.com/,,
Wuthering Waves,,Eneba,https://www.eneba.com/,,
Wuthering Waves,,MooGold,https://moogold.com/,,
Wuthering Waves,,ItemkuEN,https://www.itemku.com/en,,
WOW Prepaid GC,,OG,https://www.offgamers.com/,,
WOW Prepaid GC,,G2G,https://www.g2g.com/,,
WOW Prepaid GC,,Kinguin,https://www.kinguin.net/,,
WOW Prepaid GC,,Seagm,https://www.seagm.com/en-us,,
WOW Prepaid GC,,G2A,https://www.g2a.com/,,
WOW Prepaid GC,,Codashop,https://www.codashop.com/en-us/,,
WOW Prepaid GC,,LapakGaming,https://www.joytify.com/en-us,,
WOW Prepaid GC,,Unipin,https://www.unipin.com/,,
WOW Prepaid GC,,Eneba,https://www.eneba.com/,,
WOW Prepaid GC,,MooGold,https://moogold.com/,,
Honkai Star Rail,,OG,https://www.offgamers.com/,,
Honkai Star Rail,,G2G,https://www.g2g.com/,,
Honkai Star Rail,,Kinguin,https://www.kinguin.net/,,
Honkai Star Rail,,Seagm,https://www.seagm.com/en-us,,
Honkai Star Rail,,G2A,https://www.g2a.com/,,
Honkai Star Rail,,Codashop,https://www.codashop.com/en-us/,,
Honkai Star Rail,,LapakGaming,https://www.joytify.com/en-us,,
Honkai Star Rail,,Unipin,https://www.unipin.com/,,
Honkai Star Rail,,Eneba,https://www.eneba.com/,,
Honkai Star Rail,,MooGold,https://moogold.com/,,
Honkai Star Rail,,ItemkuEN,https://www.itemku.com/en,,
Discord,,OG,https://www.offgamers.com/,,
Discord,,G2G,https://www.g2g.com/,,
Discord,,Kinguin,https://www.kinguin.net/,,
Discord,,Seagm,https://www.seagm.com/en-us,,
Discord,,G2A,https://www.g2a.com/,,
Discord,,Codashop,https://www.codashop.com/en-us/,,
Discord,,LapakGaming,https://www.joytify.com/en-us,,
Discord,,Unipin,https://www.unipin.com/,,
Discord,,Eneba,https://www.eneba.com/,,
Discord,,MooGold,https://moogold.com/,,
Discord,,ItemkuEN,https://www.itemku.com/en,,
Perplexity AI,,OG,https://www.offgamers.com/,,
Perplexity AI,,G2G,https://www.g2g.com/,,
Perplexity AI,,Kinguin,https://www.kinguin.net/,,
Perplexity AI,,Seagm,https://www.seagm.com/en-us,,
Perplexity AI,,G2A,https://www.g2a.com/,,
Perplexity AI,,Codashop,https://www.codashop.com/en-us/,,
Perplexity AI,,LapakGaming,https://www.joytify.com/en-us,,
Perplexity AI,,Unipin,https://www.unipin.com/,,
Perplexity AI,,Eneba,https://www.eneba.com/,,
Perplexity AI,,MooGold,https://moogold.com/,,
Perplexity AI,,ItemkuEN,https://www.itemku.com/en,,
CapCut,,OG,https://www.offgamers.com/,,
CapCut,,G2G,https://www.g2g.com/,,
CapCut,,Kinguin,https://www.kinguin.net/,,
CapCut,,Seagm,https://www.seagm.com/en-us,,
CapCut,,G2A,https://www.g2a.com/,,
CapCut,,Codashop,https://www.codashop.com/en-us/,,
CapCut,,LapakGaming,https://www.joytify.com/en-us,,
CapCut,,Unipin,https://www.unipin.com/,,
CapCut,,Eneba,https://www.eneba.com/,,
CapCut,,MooGold,https://moogold.com/,,
CapCut,,ItemkuEN,https://www.itemku.com/en,,
YouTube,,OG,https://www.offgamers.com/,,
YouTube,,G2G,https://www.g2g.com/,,
YouTube,,Kinguin,https://www.kinguin.net/,,
YouTube,,Seagm,https://www.seagm.com/en-us,,
YouTube,,G2A,https://www.g2a.com/,,
YouTube,,Codashop,https://www.codashop.com/en-us/,,
YouTube,,LapakGaming,https://www.joytify.com/en-us,,
YouTube,,Unipin,https://www.unipin.com/,,
YouTube,,Eneba,https://www.eneba.com/,,
YouTube,,MooGold,https://moogold.com/,,
YouTube,,ItemkuEN,https://www.itemku.com/en,,
League of Legends (EU),,OG,https://www.offgamers.com/,,
League of Legends (EU),,G2G,https://www.g2g.com/,,
League of Legends (EU),,Kinguin,https://www.kinguin.net/,,
League of Legends (EU),,Seagm,https://www.seagm.com/en-us,,
League of Legends (EU),,G2A,https://www.g2a.com/,,
League of Legends (EU),,Codashop,https://www.codashop.com/en-us/,,
League of Legends (EU),,LapakGaming,https://www.joytify.com/en-us,,
League of Legends (EU),,Unipin,https://www.unipin.com/,,
League of Legends (EU),,Eneba,https://www.eneba.com/,,
League of Legends (EU),,MooGold,https://moogold.com/,,
League of Legends (EU),,ItemkuEN,https://www.itemku.com/en,,
Strong IPTV 8k,,OG,https://www.offgamers.com/,,
Strong IPTV 8k,,G2G,https://www.g2g.com/,,
Strong IPTV 8k,,Kinguin,https://www.kinguin.net/,,
Strong IPTV 8k,,Seagm,https://www.seagm.com/en-us,,
Strong IPTV 8k,,G2A,https://www.g2a.com/,,
Strong IPTV 8k,,Codashop,https://www.codashop.com/en-us/,,
Strong IPTV 8k,,LapakGaming,https://www.joytify.com/en-us,,
Strong IPTV 8k,,Unipin,https://www.unipin.com/,,
Strong IPTV 8k,,Eneba,https://www.eneba.com/,,
Strong IPTV 8k,,MooGold,https://moogold.com/,,
Strong IPTV 8k,,ItemkuEN,https://www.itemku.com/en,,
Spotify,,OG,https://www.offgamers.com/,,
Spotify,,G2G,https://www.g2g.com/,,
Spotify,,Kinguin,https://www.kinguin.net/,,
Spotify,,Seagm,https://www.seagm.com/en-us,,
Spotify,,G2A,https://www.g2a.com/,,
Spotify,,Codashop,https://www.codashop.com/en-us/,,
Spotify,,LapakGaming,https://www.joytify.com/en-us,,
Spotify,,Unipin,https://www.unipin.com/,,
Spotify,,Eneba,https://www.eneba.com/,,
Spotify,,MooGold,https://moogold.com/,,
Spotify,,ItemkuEN,https://www.itemku.com/en,,
Rewarble,,OG,https://www.offgamers.com/,,
Rewarble,,G2G,https://www.g2g.com/,,
Rewarble,,Kinguin,https://www.kinguin.net/,,
Rewarble,,Seagm,https://www.seagm.com/en-us,,
Rewarble,,G2A,https://www.g2a.com/,,
Rewarble,,Codashop,https://www.codashop.com/en-us/,,
Rewarble,,LapakGaming,https://www.joytify.com/en-us,,
Rewarble,,Unipin,https://www.unipin.com/,,
Rewarble,,Eneba,https://www.eneba.com/,,
Rewarble,,MooGold,https://moogold.com/,,
CashtoCode,,OG,https://www.offgamers.com/,,
CashtoCode,,G2G,https://www.g2g.com/,,
CashtoCode,,Kinguin,https://www.kinguin.net/,,
CashtoCode,,Seagm,https://www.seagm.com/en-us,,
CashtoCode,,G2A,https://www.g2a.com/,,
CashtoCode,,Codashop,https://www.codashop.com/en-us/,,
CashtoCode,,LapakGaming,https://www.joytify.com/en-us,,
CashtoCode,,Unipin,https://www.unipin.com/,,
CashtoCode,,Eneba,https://www.eneba.com/,,
CashtoCode,,MooGold,https://moogold.com/,,
GASH,,OG,https://www.offgamers.com/,,
GASH,,G2G,https://www.g2g.com/,,
GASH,,Kinguin,https://www.kinguin.net/,,
GASH,,Seagm,https://www.seagm.com/en-us,,
GASH,,G2A,https://www.g2a.com/,,
GASH,,Codashop,https://www.codashop.com/en-us/,,
GASH,,LapakGaming,https://www.joytify.com/en-us,,
GASH,,Unipin,https://www.unipin.com/,,
GASH,,Eneba,https://www.eneba.com/,,
GASH,,MooGold,https://moogold.com/,,
Steam,,OG,https://www.offgamers.com/,,
Steam,,G2G,https://www.g2g.com/,,
Steam,,Kinguin,https://www.kinguin.net/,,
Steam,,Seagm,https://www.seagm.com/en-us,,
Steam,,G2A,https://www.g2a.com/,,
Steam,,Codashop,https://www.codashop.com/en-us/,,
Steam,,LapakGaming,https://www.joytify.com/en-us,,
Steam,,Unipin,https://www.unipin.com/,,
Steam,,Eneba,https://www.eneba.com/,,
Steam,,MooGold,https://moogold.com/,,
iTunes,,OG,https://www.offgamers.com/,,
iTunes,,G2G,https://www.g2g.com/,,
iTunes,,Kinguin,https://www.kinguin.net/,,
iTunes,,Seagm,https://www.seagm.com/en-us,,
iTunes,,G2A,https://www.g2a.com/,,
iTunes,,Codashop,https://www.codashop.com/en-us/,,
iTunes,,LapakGaming,https://www.joytify.com/en-us,,
iTunes,,Unipin,https://www.unipin.com/,,
iTunes,,Eneba,https://www.eneba.com/,,
iTunes,,MooGold,https://moogold.com/,,
Apple Gift Card,,G2G,https://www.g2g.com/,,
Apple Gift Card,,Kinguin,https://www.kinguin.net/,,
Apple Gift Card,,Seagm,https://www.seagm.com/en-us,,
Apple Gift Card,,G2A,https://www.g2a.com/,,
Apple Gift Card,,Codashop,https://www.codashop.com/en-us/,,
Apple Gift Card,,LapakGaming,https://www.joytify.com/en-us,,
Apple Gift Card,,Unipin,https://www.unipin.com/,,
Apple Gift Card,,Eneba,https://www.eneba.com/,,
Apple Gift Card,,MooGold,https://moogold.com/,,
Razer Gold,,G2G,https://www.g2g.com/,,
Razer Gold,,Kinguin,https://www.kinguin.net/,,
Razer Gold,,Seagm,https://www.seagm.com/en-us,,
Razer Gold,,G2A,https://www.g2a.com/,,
Razer Gold,,Codashop,https://www.codashop.com/en-us/,,
Razer Gold,,LapakGaming,https://www.joytify.com/en-us,,
Razer Gold,,Unipin,https://www.unipin.com/,,
Razer Gold,,Eneba,https://www.eneba.com/,,
Razer Gold,,MooGold,https://moogold.com/,,
PlayStation,,OG,https://www.offgamers.com/,,
PlayStation,,G2G,https://www.g2g.com/,,
PlayStation,,Kinguin,https://www.kinguin.net/,,
PlayStation,,Seagm,https://www.seagm.com/en-us,,
PlayStation,,G2A,https://www.g2a.com/,,
PlayStation,,Codashop,https://www.codashop.com/en-us/,,
PlayStation,,LapakGaming,https://www.joytify.com/en-us,,
PlayStation,,Unipin,https://www.unipin.com/,,
PlayStation,,Eneba,https://www.eneba.com/,,
PlayStation,,MooGold,https://moogold.com/,,
Amazon,,OG,https://www.offgamers.com/,,
Amazon,,G2G,https://www.g2g.com/,,
Amazon,,Kinguin,https://www.kinguin.net/,,
Amazon,,Seagm,https://www.seagm.com/en-us,,
Amazon,,G2A,https://www.g2a.com/,,
Amazon,,Codashop,https://www.codashop.com/en-us/,,
Amazon,,LapakGaming,https://www.joytify.com/en-us,,
Amazon,,Unipin,https://www.unipin.com/,,
Amazon,,Eneba,https://www.eneba.com/,,
Amazon,,MooGold,https://moogold.com/,,
MINT,,OG,https://www.offgamers.com/,,
MINT,,G2G,https://www.g2g.com/,,
MINT,,Kinguin,https://www.kinguin.net/,,
MINT,,Seagm,https://www.seagm.com/en-us,,
MINT,,G2A,https://www.g2a.com/,,
MINT,,Codashop,https://www.codashop.com/en-us/,,
MINT,,LapakGaming,https://www.joytify.com/en-us,,
MINT,,Unipin,https://www.unipin.com/,,
MINT,,Eneba,https://www.eneba.com/,,
MINT,,MooGold,https://moogold.com/,,
Johren,,OG,https://www.offgamers.com/,,
Johren,,G2G,https://www.g2g.com/,,
Johren,,Kinguin,https://www.kinguin.net/,,
Johren,,Seagm,https://www.seagm.com/en-us,,
Johren,,G2A,https://www.g2a.com/,,
Johren,,Codashop,https://www.codashop.com/en-us/,,
Johren,,LapakGaming,https://www.joytify.com/en-us,,
Johren,,Unipin,https://www.unipin.com/,,
Johren,,Eneba,https://www.eneba.com/,,
Johren,,MooGold,https://moogold.com/,,
Gift Me Crypto,,OG,https://www.offgamers.com/,,
Gift Me Crypto,,G2G,https://www.g2g.com/,,
Gift Me Crypto,,Kinguin,https://www.kinguin.net/,,
Gift Me Crypto,,Seagm,https://www.seagm.com/en-us,,
Gift Me Crypto,,G2A,https://www.g2a.com/,,
Gift Me Crypto,,Codashop,https://www.codashop.com/en-us/,,
Gift Me Crypto,,LapakGaming,https://www.joytify.com/en-us,,
Gift Me Crypto,,Unipin,https://www.unipin.com/,,
Gift Me Crypto,,Eneba,https://www.eneba.com/,,
Gift Me Crypto,,MooGold,https://moogold.com/,,
Crypto Voucher,,OG,https://www.offgamers.com/,,
Crypto Voucher,,G2G,https://www.g2g.com/,,
Crypto Voucher,,Kinguin,https://www.kinguin.net/,,
Crypto Voucher,,Seagm,https://www.seagm.com/en-us,,
Crypto Voucher,,G2A,https://www.g2a.com/,,
Crypto Voucher,,Codashop,https://www.codashop.com/en-us/,,
Crypto Voucher,,LapakGaming,https://www.joytify.com/en-us,,
Crypto Voucher,,Unipin,https://www.unipin.com/,,
Crypto Voucher,,Eneba,https://www.eneba.com/,,
Crypto Voucher,,MooGold,https://moogold.com/,,
Flexepin,,OG,https://www.offgamers.com/,,
Flexepin,,G2G,https://www.g2g.com/,,
Flexepin,,Kinguin,https://www.kinguin.net/,,
Flexepin,,Seagm,https://www.seagm.com/en-us,,
Flexepin,,G2A,https://www.g2a.com/,,
Flexepin,,Codashop,https://www.codashop.com/en-us/,,
Flexepin,,LapakGaming,https://www.joytify.com/en-us,,
Flexepin,,Unipin,https://www.unipin.com/,,
Flexepin,,Eneba,https://www.eneba.com/,,
Flexepin,,MooGold,https://moogold.com/,,
Binance,,OG,https://www.offgamers.com/,,
Binance,,G2G,https://www.g2g.com/,,
Binance,,Kinguin,https://www.kinguin.net/,,
Binance,,Seagm,https://www.seagm.com/en-us,,
Binance,,G2A,https://www.g2a.com/,,
Binance,,Codashop,https://www.codashop.com/en-us/,,
Binance,,LapakGaming,https://www.joytify.com/en-us,,
Binance,,Unipin,https://www.unipin.com/,,
Binance,,Eneba,https://www.eneba.com/,,
Binance,,MooGold,https://moogold.com/,,
Nexon,,OG,https://www.offgamers.com/,,
Nexon,,G2G,https://www.g2g.com/,,
Nexon,,Kinguin,https://www.kinguin.net/,,
Nexon,,Seagm,https://www.seagm.com/en-us,,
Nexon,,G2A,https://www.g2a.com/,,
Nexon,,Codashop,https://www.codashop.com/en-us/,,
Nexon,,LapakGaming,https://www.joytify.com/en-us,,
Nexon,,Unipin,https://www.unipin.com/,,
Nexon,,Eneba,https://www.eneba.com/,,
Nexon,,MooGold,https://moogold.com/,,
GoCash,,OG,https://www.offgamers.com/,,
GoCash,,G2G,https://www.g2g.com/,,
GoCash,,Kinguin,https://www.kinguin.net/,,
GoCash,,Seagm,https://www.seagm.com/en-us,,
GoCash,,G2A,https://www.g2a.com/,,
GoCash,,Codashop,https://www.codashop.com/en-us/,,
GoCash,,LapakGaming,https://www.joytify.com/en-us,,
GoCash,,Unipin,https://www.unipin.com/,,
GoCash,,Eneba,https://www.eneba.com/,,
GoCash,,MooGold,https://moogold.com/,,
NCsoft NCoin,,OG,https://www.offgamers.com/,,
NCsoft NCoin,,G2G,https://www.g2g.com/,,
NCsoft NCoin,,Kinguin,https://www.kinguin.net/,,
NCsoft NCoin,,Seagm,https://www.seagm.com/en-us,,
NCsoft NCoin,,G2A,https://www.g2a.com/,,
NCsoft NCoin,,Codashop,https://www.codashop.com/en-us/,,
NCsoft NCoin,,LapakGaming,https://www.joytify.com/en-us,,
NCsoft NCoin,,Unipin,https://www.unipin.com/,,
NCsoft NCoin,,Eneba,https://www.eneba.com/,,
NCsoft NCoin,,MooGold,https://moogold.com/,,
DaddySkins,,OG,https://www.offgamers.com/,,
DaddySkins,,G2G,https://www.g2g.com/,,
DaddySkins,,Kinguin,https://www.kinguin.net/,,
DaddySkins,,Seagm,https://www.seagm.com/en-us,,
DaddySkins,,G2A,https://www.g2a.com/,,
DaddySkins,,Codashop,https://www.codashop.com/en-us/,,
DaddySkins,,LapakGaming,https://www.joytify.com/en-us,,
DaddySkins,,Unipin,https://www.unipin.com/,,
DaddySkins,,Eneba,https://www.eneba.com/,,
DaddySkins,,MooGold,https://moogold.com/,,
Nutaku,,OG,https://www.offgamers.com/,,
Nutaku,,G2G,https://www.g2g.com/,,
Nutaku,,Kinguin,https://www.kinguin.net/,,
Nutaku,,Seagm,https://www.seagm.com/en-us,,
Nutaku,,G2A,https://www.g2a.com/,,
Nutaku,,Codashop,https://www.codashop.com/en-us/,,
Nutaku,,LapakGaming,https://www.joytify.com/en-us,,
Nutaku,,Unipin,https://www.unipin.com/,,
Nutaku,,Eneba,https://www.eneba.com/,,
Nutaku,,MooGold,https://moogold.com/,,
MyCard,,OG,https://www.offgamers.com/,,
MyCard,,G2G,https://www.g2g.com/,,
MyCard,,Kinguin,https://www.kinguin.net/,,
MyCard,,Seagm,https://www.seagm.com/en-us,,
MyCard,,G2A,https://www.g2a.com/,,
MyCard,,Codashop,https://www.codashop.com/en-us/,,
MyCard,,LapakGaming,https://www.joytify.com/en-us,,
MyCard,,Unipin,https://www.unipin.com/,,
MyCard,,Eneba,https://www.eneba.com/,,
MyCard,,MooGold,https://moogold.com/,,
MyCard,,ItemkuEN,-,,